Label,classification_title,classification_contents
조별리그,"[{'label': 'negative', 'score': 0.9900742173194885}]","[{'label': 'negative', 'score': 0.9390448927879333}]"
조별리그,"[{'label': 'neutral', 'score': 0.8748792409896851}]","[{'label': 'neutral', 'score': 0.9988835453987122}]"
조별리그,"[{'label': 'neutral', 'score': 0.7585748434066772}]","[{'label': 'negative', 'score': 0.9974181652069092}]"
조별리그,"[{'label': 'neutral', 'score': 0.9830262064933777}]","[{'label': 'neutral', 'score': 0.9743449091911316}]"
조별리그,"[{'label': 'neutral', 'score': 0.9962156414985657}]","[{'label': 'neutral', 'score': 0.9765672087669373}]"
조별리그,"[{'label': 'neutral', 'score': 0.9789414405822754}]","[{'label': 'neutral', 'score': 0.9959795475006104}]"
조별리그,"[{'label': 'neutral', 'score': 0.9159871935844421}]","[{'label': 'neutral', 'score': 0.993976354598999}]"
조별리그,"[{'label': 'neutral', 'score': 0.9833722710609436}]","[{'label': 'neutral', 'score': 0.9939256310462952}]"
조별리그,"[{'label': 'neutral', 'score': 0.9195795655250549}]","[{'label': 'neutral', 'score': 0.9911509156227112}]"
조별리그,"[{'label': 'neutral', 'score': 0.9946238994598389}]","[{'label': 'neutral', 'score': 0.9912306070327759}]"
조별리그,"[{'label': 'neutral', 'score': 0.992400050163269}]","[{'label': 'neutral', 'score': 0.9983845949172974}]"
조별리그,"[{'label': 'neutral', 'score': 0.9503400325775146}]","[{'label': 'neutral', 'score': 0.916557252407074}]"
조별리그,"[{'label': 'neutral', 'score': 0.9889794588088989}]","[{'label': 'neutral', 'score': 0.9944467544555664}]"
조별리그,"[{'label': 'neutral', 'score': 0.9612388014793396}]","[{'label': 'neutral', 'score': 0.9991451501846313}]"
조별리그,"[{'label': 'neutral', 'score': 0.9825760126113892}]","[{'label': 'neutral', 'score': 0.9956207871437073}]"
조별리그,"[{'label': 'neutral', 'score': 0.9833722710609436}]","[{'label': 'neutral', 'score': 0.9939256310462952}]"
조별리그,"[{'label': 'neutral', 'score': 0.9951149225234985}]","[{'label': 'neutral', 'score': 0.9927335977554321}]"
조별리그,"[{'label': 'neutral', 'score': 0.9195795655250549}]","[{'label': 'neutral', 'score': 0.9911509156227112}]"
조별리그,"[{'label': 'neutral', 'score': 0.9665696620941162}]","[{'label': 'neutral', 'score': 0.9981098175048828}]"
조별리그,"[{'label': 'neutral', 'score': 0.9935082197189331}]","[{'label': 'neutral', 'score': 0.977586567401886}]"
조별리그,"[{'label': 'neutral', 'score': 0.6065369844436646}]","[{'label': 'neutral', 'score': 0.9094269871711731}]"
조별리그,"[{'label': 'neutral', 'score': 0.9659039378166199}]","[{'label': 'neutral', 'score': 0.9794714450836182}]"
조별리그,"[{'label': 'neutral', 'score': 0.8426633477210999}]","[{'label': 'neutral', 'score': 0.9979276657104492}]"
조별리그,"[{'label': 'neutral', 'score': 0.996249258518219}]","[{'label': 'neutral', 'score': 0.9977076053619385}]"
조별리그,"[{'label': 'negative', 'score': 0.9896230697631836}]","[{'label': 'negative', 'score': 0.9265144467353821}]"
조별리그,"[{'label': 'neutral', 'score': 0.9890678524971008}]","[{'label': 'neutral', 'score': 0.9950579404830933}]"
조별리그,"[{'label': 'neutral', 'score': 0.8145179748535156}]","[{'label': 'neutral', 'score': 0.9973018169403076}]"
조별리그,"[{'label': 'negative', 'score': 0.7944557070732117}]","[{'label': 'negative', 'score': 0.9981568455696106}]"
조별리그,"[{'label': 'neutral', 'score': 0.5533034205436707}]","[{'label': 'neutral', 'score': 0.9906033873558044}]"
조별리그,"[{'label': 'negative', 'score': 0.5543820261955261}]","[{'label': 'neutral', 'score': 0.47677379846572876}]"
조별리그,"[{'label': 'neutral', 'score': 0.626904308795929}]","[{'label': 'neutral', 'score': 0.9955177903175354}]"
조별리그,"[{'label': 'neutral', 'score': 0.8706232905387878}]","[{'label': 'neutral', 'score': 0.9670178294181824}]"
조별리그,"[{'label': 'neutral', 'score': 0.9982433319091797}]","[{'label': 'neutral', 'score': 0.9971814155578613}]"
조별리그,"[{'label': 'neutral', 'score': 0.9936469197273254}]","[{'label': 'neutral', 'score': 0.9971380233764648}]"
조별리그,"[{'label': 'neutral', 'score': 0.8332412838935852}]","[{'label': 'neutral', 'score': 0.9855776429176331}]"
조별리그,"[{'label': 'neutral', 'score': 0.9986234903335571}]","[{'label': 'neutral', 'score': 0.9936477541923523}]"
조별리그,"[{'label': 'negative', 'score': 0.5913740396499634}]","[{'label': 'neutral', 'score': 0.9887102246284485}]"
조별리그,"[{'label': 'negative', 'score': 0.7164292931556702}]","[{'label': 'negative', 'score': 0.6472518444061279}]"
조별리그,"[{'label': 'neutral', 'score': 0.9156227707862854}]","[{'label': 'negative', 'score': 0.99483722448349}]"
조별리그,"[{'label': 'neutral', 'score': 0.9632503390312195}]","[{'label': 'neutral', 'score': 0.9770145416259766}]"
조별리그,"[{'label': 'neutral', 'score': 0.9811051487922668}]","[{'label': 'neutral', 'score': 0.8644108176231384}]"
조별리그,"[{'label': 'neutral', 'score': 0.9628193378448486}]","[{'label': 'neutral', 'score': 0.9643509984016418}]"
조별리그,"[{'label': 'neutral', 'score': 0.9973044395446777}]","[{'label': 'neutral', 'score': 0.9953069090843201}]"
조별리그,"[{'label': 'neutral', 'score': 0.9844418168067932}]","[{'label': 'negative', 'score': 0.9974398612976074}]"
조별리그,"[{'label': 'negative', 'score': 0.992774486541748}]","[{'label': 'negative', 'score': 0.8206582069396973}]"
조별리그,"[{'label': 'neutral', 'score': 0.5118139982223511}]","[{'label': 'negative', 'score': 0.9994412064552307}]"
조별리그,"[{'label': 'negative', 'score': 0.5796905755996704}]","[{'label': 'neutral', 'score': 0.8236824870109558}]"
조별리그,"[{'label': 'neutral', 'score': 0.6659055352210999}]","[{'label': 'neutral', 'score': 0.9952437281608582}]"
조별리그,"[{'label': 'neutral', 'score': 0.9925709366798401}]","[{'label': 'neutral', 'score': 0.7581010460853577}]"
조별리그,"[{'label': 'neutral', 'score': 0.9955796599388123}]","[{'label': 'neutral', 'score': 0.9981226325035095}]"
조별리그,"[{'label': 'neutral', 'score': 0.9965043067932129}]","[{'label': 'neutral', 'score': 0.9993909597396851}]"
조별리그,"[{'label': 'neutral', 'score': 0.8015987277030945}]","[{'label': 'neutral', 'score': 0.9686486721038818}]"
조별리그,"[{'label': 'neutral', 'score': 0.8411621451377869}]","[{'label': 'neutral', 'score': 0.9772845506668091}]"
조별리그,"[{'label': 'neutral', 'score': 0.9524534344673157}]","[{'label': 'neutral', 'score': 0.5947636365890503}]"
조별리그,"[{'label': 'neutral', 'score': 0.9772661328315735}]","[{'label': 'neutral', 'score': 0.9959859251976013}]"
조별리그,"[{'label': 'neutral', 'score': 0.9382655024528503}]","[{'label': 'negative', 'score': 0.654164731502533}]"
조별리그,"[{'label': 'positive', 'score': 0.9057989716529846}]","[{'label': 'neutral', 'score': 0.9924277663230896}]"
조별리그,"[{'label': 'neutral', 'score': 0.967729926109314}]","[{'label': 'neutral', 'score': 0.997173547744751}]"
조별리그,"[{'label': 'neutral', 'score': 0.9931627511978149}]","[{'label': 'neutral', 'score': 0.996690034866333}]"
조별리그,"[{'label': 'neutral', 'score': 0.9872066974639893}]","[{'label': 'neutral', 'score': 0.9942734837532043}]"
조별리그,"[{'label': 'neutral', 'score': 0.8187389969825745}]","[{'label': 'neutral', 'score': 0.9365569949150085}]"
조별리그,"[{'label': 'neutral', 'score': 0.6405540704727173}]","[{'label': 'neutral', 'score': 0.9967431426048279}]"
조별리그,"[{'label': 'neutral', 'score': 0.9190300107002258}]","[{'label': 'neutral', 'score': 0.9966009259223938}]"
조별리그,"[{'label': 'negative', 'score': 0.8287950158119202}]","[{'label': 'neutral', 'score': 0.619249701499939}]"
조별리그,"[{'label': 'neutral', 'score': 0.8255718946456909}]","[{'label': 'neutral', 'score': 0.9992468357086182}]"
조별리그,"[{'label': 'neutral', 'score': 0.9973209500312805}]","[{'label': 'neutral', 'score': 0.9992363452911377}]"
조별리그,"[{'label': 'neutral', 'score': 0.9847717881202698}]","[{'label': 'neutral', 'score': 0.9894670844078064}]"
조별리그,"[{'label': 'neutral', 'score': 0.9231332540512085}]","[{'label': 'neutral', 'score': 0.9175073504447937}]"
조별리그,"[{'label': 'neutral', 'score': 0.9733827710151672}]","[{'label': 'neutral', 'score': 0.9946861267089844}]"
조별리그,"[{'label': 'neutral', 'score': 0.6868616342544556}]","[{'label': 'neutral', 'score': 0.8787551522254944}]"
조별리그,"[{'label': 'neutral', 'score': 0.8237993717193604}]","[{'label': 'neutral', 'score': 0.9924829602241516}]"
조별리그,"[{'label': 'neutral', 'score': 0.9984585046768188}]","[{'label': 'neutral', 'score': 0.9984059929847717}]"
조별리그,"[{'label': 'neutral', 'score': 0.968069851398468}]","[{'label': 'neutral', 'score': 0.9687831401824951}]"
조별리그,"[{'label': 'negative', 'score': 0.9811462163925171}]","[{'label': 'neutral', 'score': 0.9796878099441528}]"
조별리그,"[{'label': 'neutral', 'score': 0.9074152708053589}]","[{'label': 'neutral', 'score': 0.9903568625450134}]"
조별리그,"[{'label': 'neutral', 'score': 0.9983190894126892}]","[{'label': 'neutral', 'score': 0.9977218508720398}]"
조별리그,"[{'label': 'negative', 'score': 0.9350079298019409}]","[{'label': 'negative', 'score': 0.9951609969139099}]"
조별리그,"[{'label': 'neutral', 'score': 0.9926250576972961}]","[{'label': 'neutral', 'score': 0.8668433427810669}]"
조별리그,"[{'label': 'negative', 'score': 0.9820122718811035}]","[{'label': 'neutral', 'score': 0.9186508655548096}]"
조별리그,"[{'label': 'neutral', 'score': 0.7565304636955261}]","[{'label': 'neutral', 'score': 0.9630537033081055}]"
조별리그,"[{'label': 'neutral', 'score': 0.9959858059883118}]","[{'label': 'neutral', 'score': 0.9996161460876465}]"
조별리그,"[{'label': 'negative', 'score': 0.6294074654579163}]","[{'label': 'neutral', 'score': 0.8579595685005188}]"
조별리그,"[{'label': 'neutral', 'score': 0.9984028935432434}]","[{'label': 'neutral', 'score': 0.9992672801017761}]"
조별리그,"[{'label': 'neutral', 'score': 0.8486549854278564}]","[{'label': 'neutral', 'score': 0.9965901374816895}]"
조별리그,"[{'label': 'negative', 'score': 0.6694031953811646}]","[{'label': 'neutral', 'score': 0.9604685306549072}]"
조별리그,"[{'label': 'neutral', 'score': 0.710079550743103}]","[{'label': 'neutral', 'score': 0.8952915668487549}]"
조별리그,"[{'label': 'neutral', 'score': 0.9946553707122803}]","[{'label': 'neutral', 'score': 0.999071478843689}]"
조별리그,"[{'label': 'neutral', 'score': 0.5766366124153137}]","[{'label': 'negative', 'score': 0.8656113147735596}]"
조별리그,"[{'label': 'neutral', 'score': 0.9800487756729126}]","[{'label': 'neutral', 'score': 0.9889750480651855}]"
조별리그,"[{'label': 'neutral', 'score': 0.8990828990936279}]","[{'label': 'neutral', 'score': 0.9885380268096924}]"
16~8강,"[{'label': 'neutral', 'score': 0.5635807514190674}]","[{'label': 'negative', 'score': 0.9197495579719543}]"
16~8강,"[{'label': 'neutral', 'score': 0.9492102861404419}]","[{'label': 'positive', 'score': 0.940968930721283}]"
16~8강,"[{'label': 'neutral', 'score': 0.9919256567955017}]","[{'label': 'neutral', 'score': 0.9604041576385498}]"
16~8강,"[{'label': 'neutral', 'score': 0.9975695013999939}]","[{'label': 'neutral', 'score': 0.9990457892417908}]"
16~8강,"[{'label': 'neutral', 'score': 0.9864022135734558}]","[{'label': 'neutral', 'score': 0.9903501272201538}]"
16~8강,"[{'label': 'neutral', 'score': 0.9959648847579956}]","[{'label': 'neutral', 'score': 0.9975776076316833}]"
16~8강,"[{'label': 'neutral', 'score': 0.9777305126190186}]","[{'label': 'neutral', 'score': 0.986626923084259}]"
16~8강,"[{'label': 'neutral', 'score': 0.9926733374595642}]","[{'label': 'neutral', 'score': 0.9990783929824829}]"
16~8강,"[{'label': 'neutral', 'score': 0.8953148722648621}]","[{'label': 'neutral', 'score': 0.9989381432533264}]"
16~8강,"[{'label': 'neutral', 'score': 0.8747790455818176}]","[{'label': 'negative', 'score': 0.97026526927948}]"
16~8강,"[{'label': 'negative', 'score': 0.8896487355232239}]","[{'label': 'negative', 'score': 0.6779801249504089}]"
16~8강,"[{'label': 'neutral', 'score': 0.8953148722648621}]","[{'label': 'neutral', 'score': 0.9989381432533264}]"
16~8강,"[{'label': 'negative', 'score': 0.8592969179153442}]","[{'label': 'neutral', 'score': 0.8955368399620056}]"
16~8강,"[{'label': 'neutral', 'score': 0.9919256567955017}]","[{'label': 'neutral', 'score': 0.9604041576385498}]"
16~8강,"[{'label': 'neutral', 'score': 0.9713869094848633}]","[{'label': 'neutral', 'score': 0.803929328918457}]"
16~8강,"[{'label': 'neutral', 'score': 0.8747790455818176}]","[{'label': 'negative', 'score': 0.97026526927948}]"
16~8강,"[{'label': 'neutral', 'score': 0.9243552684783936}]","[{'label': 'neutral', 'score': 0.9990887641906738}]"
16~8강,"[{'label': 'neutral', 'score': 0.998708963394165}]","[{'label': 'neutral', 'score': 0.9911393523216248}]"
16~8강,"[{'label': 'negative', 'score': 0.8084719777107239}]","[{'label': 'negative', 'score': 0.9778941869735718}]"
16~8강,"[{'label': 'neutral', 'score': 0.9690285921096802}]","[{'label': 'neutral', 'score': 0.7181131839752197}]"
16~8강,"[{'label': 'negative', 'score': 0.9438909292221069}]","[{'label': 'neutral', 'score': 0.9924193024635315}]"
16~8강,"[{'label': 'neutral', 'score': 0.9992024302482605}]","[{'label': 'neutral', 'score': 0.997534990310669}]"
16~8강,"[{'label': 'neutral', 'score': 0.9981258511543274}]","[{'label': 'neutral', 'score': 0.9841315150260925}]"
16~8강,"[{'label': 'neutral', 'score': 0.9972580671310425}]","[{'label': 'neutral', 'score': 0.9916402101516724}]"
16~8강,"[{'label': 'neutral', 'score': 0.948971688747406}]","[{'label': 'neutral', 'score': 0.9549771547317505}]"
16~8강,"[{'label': 'neutral', 'score': 0.9892387390136719}]","[{'label': 'neutral', 'score': 0.9426349997520447}]"
16~8강,"[{'label': 'neutral', 'score': 0.9836326241493225}]","[{'label': 'neutral', 'score': 0.880625307559967}]"
16~8강,"[{'label': 'neutral', 'score': 0.9836634397506714}]","[{'label': 'neutral', 'score': 0.9955378770828247}]"
16~8강,"[{'label': 'neutral', 'score': 0.9961109757423401}]","[{'label': 'neutral', 'score': 0.9975783228874207}]"
16~8강,"[{'label': 'neutral', 'score': 0.9663062691688538}]","[{'label': 'neutral', 'score': 0.9467964768409729}]"
16~8강,"[{'label': 'neutral', 'score': 0.5421767830848694}]","[{'label': 'positive', 'score': 0.5299341082572937}]"
16~8강,"[{'label': 'neutral', 'score': 0.9947983026504517}]","[{'label': 'neutral', 'score': 0.9967144727706909}]"
16~8강,"[{'label': 'neutral', 'score': 0.9698144793510437}]","[{'label': 'neutral', 'score': 0.9968082308769226}]"
16~8강,"[{'label': 'negative', 'score': 0.878385603427887}]","[{'label': 'neutral', 'score': 0.945723295211792}]"
16~8강,"[{'label': 'neutral', 'score': 0.9991970658302307}]","[{'label': 'neutral', 'score': 0.9917283654212952}]"
16~8강,"[{'label': 'neutral', 'score': 0.999277651309967}]","[{'label': 'neutral', 'score': 0.9991028308868408}]"
16~8강,"[{'label': 'neutral', 'score': 0.9941872358322144}]","[{'label': 'neutral', 'score': 0.9872854351997375}]"
16~8강,"[{'label': 'neutral', 'score': 0.9678749442100525}]","[{'label': 'negative', 'score': 0.5581806302070618}]"
16~8강,"[{'label': 'neutral', 'score': 0.9910140633583069}]","[{'label': 'neutral', 'score': 0.8312057852745056}]"
16~8강,"[{'label': 'neutral', 'score': 0.9976390600204468}]","[{'label': 'neutral', 'score': 0.9848067760467529}]"
16~8강,"[{'label': 'neutral', 'score': 0.9930186867713928}]","[{'label': 'negative', 'score': 0.7441849112510681}]"
16~8강,"[{'label': 'neutral', 'score': 0.9951884746551514}]","[{'label': 'neutral', 'score': 0.901409924030304}]"
16~8강,"[{'label': 'neutral', 'score': 0.9828706979751587}]","[{'label': 'neutral', 'score': 0.9868473410606384}]"
16~8강,"[{'label': 'neutral', 'score': 0.9968775510787964}]","[{'label': 'neutral', 'score': 0.9986807703971863}]"
16~8강,"[{'label': 'neutral', 'score': 0.9980581402778625}]","[{'label': 'neutral', 'score': 0.9993095397949219}]"
16~8강,"[{'label': 'neutral', 'score': 0.9960873126983643}]","[{'label': 'neutral', 'score': 0.9977853298187256}]"
16~8강,"[{'label': 'neutral', 'score': 0.9987320303916931}]","[{'label': 'neutral', 'score': 0.9989734888076782}]"
16~8강,"[{'label': 'neutral', 'score': 0.9965848922729492}]","[{'label': 'neutral', 'score': 0.9975767731666565}]"
16~8강,"[{'label': 'negative', 'score': 0.5259348154067993}]","[{'label': 'neutral', 'score': 0.9959562420845032}]"
16~8강,"[{'label': 'neutral', 'score': 0.9975051283836365}]","[{'label': 'neutral', 'score': 0.9949500560760498}]"
16~8강,"[{'label': 'neutral', 'score': 0.9780880212783813}]","[{'label': 'neutral', 'score': 0.9789938926696777}]"
16~8강,"[{'label': 'neutral', 'score': 0.9856970310211182}]","[{'label': 'neutral', 'score': 0.9969688057899475}]"
16~8강,"[{'label': 'neutral', 'score': 0.9672817587852478}]","[{'label': 'neutral', 'score': 0.8774336576461792}]"
16~8강,"[{'label': 'negative', 'score': 0.632739782333374}]","[{'label': 'neutral', 'score': 0.9938828945159912}]"
16~8강,"[{'label': 'neutral', 'score': 0.9986578226089478}]","[{'label': 'neutral', 'score': 0.9985246062278748}]"
16~8강,"[{'label': 'neutral', 'score': 0.7116941213607788}]","[{'label': 'positive', 'score': 0.9130226373672485}]"
16~8강,"[{'label': 'neutral', 'score': 0.998236894607544}]","[{'label': 'neutral', 'score': 0.9985246062278748}]"
16~8강,"[{'label': 'neutral', 'score': 0.9994049072265625}]","[{'label': 'neutral', 'score': 0.9995152950286865}]"
16~8강,"[{'label': 'negative', 'score': 0.9696518182754517}]","[{'label': 'negative', 'score': 0.9775031805038452}]"
16~8강,"[{'label': 'neutral', 'score': 0.9678030610084534}]","[{'label': 'neutral', 'score': 0.9902650117874146}]"
16~8강,"[{'label': 'neutral', 'score': 0.5938591361045837}]","[{'label': 'neutral', 'score': 0.9582799077033997}]"
16~8강,"[{'label': 'neutral', 'score': 0.9585526585578918}]","[{'label': 'neutral', 'score': 0.9836840629577637}]"
16~8강,"[{'label': 'neutral', 'score': 0.9955143332481384}]","[{'label': 'neutral', 'score': 0.9987404942512512}]"
16~8강,"[{'label': 'neutral', 'score': 0.9876918196678162}]","[{'label': 'neutral', 'score': 0.9953455328941345}]"
16~8강,"[{'label': 'neutral', 'score': 0.9360441565513611}]","[{'label': 'neutral', 'score': 0.9774218797683716}]"
16~8강,"[{'label': 'neutral', 'score': 0.9617339372634888}]","[{'label': 'negative', 'score': 0.9135843515396118}]"
16~8강,"[{'label': 'neutral', 'score': 0.9918577075004578}]","[{'label': 'neutral', 'score': 0.9967051148414612}]"
16~8강,"[{'label': 'neutral', 'score': 0.9782310128211975}]","[{'label': 'neutral', 'score': 0.9733518362045288}]"
16~8강,"[{'label': 'neutral', 'score': 0.9504684209823608}]","[{'label': 'neutral', 'score': 0.9867511987686157}]"
16~8강,"[{'label': 'neutral', 'score': 0.9928130507469177}]","[{'label': 'neutral', 'score': 0.9735923409461975}]"
16~8강,"[{'label': 'neutral', 'score': 0.9803609251976013}]","[{'label': 'neutral', 'score': 0.9680643677711487}]"
16~8강,"[{'label': 'neutral', 'score': 0.9293211102485657}]","[{'label': 'neutral', 'score': 0.9615641832351685}]"
16~8강,"[{'label': 'neutral', 'score': 0.9966691136360168}]","[{'label': 'negative', 'score': 0.559405505657196}]"
16~8강,"[{'label': 'neutral', 'score': 0.9981719255447388}]","[{'label': 'neutral', 'score': 0.9902135729789734}]"
16~8강,"[{'label': 'neutral', 'score': 0.9832736253738403}]","[{'label': 'neutral', 'score': 0.9990457892417908}]"
16~8강,"[{'label': 'neutral', 'score': 0.7979145646095276}]","[{'label': 'neutral', 'score': 0.9806899428367615}]"
16~8강,"[{'label': 'neutral', 'score': 0.9985515475273132}]","[{'label': 'neutral', 'score': 0.9967818260192871}]"
16~8강,"[{'label': 'neutral', 'score': 0.9757454991340637}]","[{'label': 'neutral', 'score': 0.8093189597129822}]"
16~8강,"[{'label': 'negative', 'score': 0.7914852499961853}]","[{'label': 'positive', 'score': 0.8401890397071838}]"
16~8강,"[{'label': 'neutral', 'score': 0.9545097947120667}]","[{'label': 'neutral', 'score': 0.9980870485305786}]"
16~8강,"[{'label': 'neutral', 'score': 0.9541031122207642}]","[{'label': 'neutral', 'score': 0.9823931455612183}]"
16~8강,"[{'label': 'negative', 'score': 0.5950426459312439}]","[{'label': 'neutral', 'score': 0.9971908926963806}]"
16~8강,"[{'label': 'neutral', 'score': 0.9969910383224487}]","[{'label': 'negative', 'score': 0.9950354099273682}]"
16~8강,"[{'label': 'neutral', 'score': 0.9694850444793701}]","[{'label': 'neutral', 'score': 0.9489893913269043}]"
16~8강,"[{'label': 'neutral', 'score': 0.9977700710296631}]","[{'label': 'neutral', 'score': 0.9983205199241638}]"
16~8강,"[{'label': 'neutral', 'score': 0.9965196847915649}]","[{'label': 'neutral', 'score': 0.9990068078041077}]"
16~8강,"[{'label': 'neutral', 'score': 0.9872961044311523}]","[{'label': 'neutral', 'score': 0.9916565418243408}]"
16~8강,"[{'label': 'neutral', 'score': 0.9906344413757324}]","[{'label': 'neutral', 'score': 0.5061025619506836}]"
16~8강,"[{'label': 'neutral', 'score': 0.9846822023391724}]","[{'label': 'neutral', 'score': 0.9793164134025574}]"
16~8강,"[{'label': 'neutral', 'score': 0.8116846084594727}]","[{'label': 'neutral', 'score': 0.9985053539276123}]"
8강~4강,"[{'label': 'negative', 'score': 0.6424757242202759}]","[{'label': 'neutral', 'score': 0.9974830746650696}]"
8강~4강,"[{'label': 'neutral', 'score': 0.9912546873092651}]","[{'label': 'neutral', 'score': 0.8766337037086487}]"
8강~4강,"[{'label': 'neutral', 'score': 0.9889179468154907}]","[{'label': 'neutral', 'score': 0.9860395193099976}]"
8강~4강,"[{'label': 'neutral', 'score': 0.9871721863746643}]","[{'label': 'neutral', 'score': 0.9988051652908325}]"
8강~4강,"[{'label': 'neutral', 'score': 0.9721612334251404}]","[{'label': 'neutral', 'score': 0.9349966049194336}]"
8강~4강,"[{'label': 'neutral', 'score': 0.9756373763084412}]","[{'label': 'neutral', 'score': 0.9972130656242371}]"
8강~4강,"[{'label': 'neutral', 'score': 0.952981173992157}]","[{'label': 'neutral', 'score': 0.9948773980140686}]"
8강~4강,"[{'label': 'neutral', 'score': 0.9974645376205444}]","[{'label': 'neutral', 'score': 0.9989256262779236}]"
8강~4강,"[{'label': 'neutral', 'score': 0.8423863649368286}]","[{'label': 'neutral', 'score': 0.9751042127609253}]"
8강~4강,"[{'label': 'neutral', 'score': 0.9700395464897156}]","[{'label': 'neutral', 'score': 0.9962568283081055}]"
8강~4강,"[{'label': 'neutral', 'score': 0.9666332602500916}]","[{'label': 'neutral', 'score': 0.8942618370056152}]"
8강~4강,"[{'label': 'neutral', 'score': 0.9017565250396729}]","[{'label': 'neutral', 'score': 0.9964675903320312}]"
8강~4강,"[{'label': 'neutral', 'score': 0.96162348985672}]","[{'label': 'neutral', 'score': 0.9974597096443176}]"
8강~4강,"[{'label': 'neutral', 'score': 0.9947861433029175}]","[{'label': 'neutral', 'score': 0.9986274242401123}]"
8강~4강,"[{'label': 'neutral', 'score': 0.9938848614692688}]","[{'label': 'neutral', 'score': 0.9906836748123169}]"
8강~4강,"[{'label': 'negative', 'score': 0.6396530270576477}]","[{'label': 'negative', 'score': 0.9805435538291931}]"
8강~4강,"[{'label': 'neutral', 'score': 0.8423863649368286}]","[{'label': 'neutral', 'score': 0.9751042127609253}]"
8강~4강,"[{'label': 'neutral', 'score': 0.9777746200561523}]","[{'label': 'neutral', 'score': 0.9980080723762512}]"
8강~4강,"[{'label': 'neutral', 'score': 0.9364139437675476}]","[{'label': 'neutral', 'score': 0.9925429821014404}]"
8강~4강,"[{'label': 'negative', 'score': 0.604509711265564}]","[{'label': 'neutral', 'score': 0.5467646718025208}]"
8강~4강,"[{'label': 'neutral', 'score': 0.9981023669242859}]","[{'label': 'neutral', 'score': 0.9956798553466797}]"
8강~4강,"[{'label': 'neutral', 'score': 0.977310061454773}]","[{'label': 'neutral', 'score': 0.8359954953193665}]"
8강~4강,"[{'label': 'neutral', 'score': 0.9659680128097534}]","[{'label': 'neutral', 'score': 0.9982277750968933}]"
8강~4강,"[{'label': 'negative', 'score': 0.7892332077026367}]","[{'label': 'negative', 'score': 0.5182845592498779}]"
8강~4강,"[{'label': 'neutral', 'score': 0.8592888712882996}]","[{'label': 'neutral', 'score': 0.9795728325843811}]"
8강~4강,"[{'label': 'neutral', 'score': 0.9925794005393982}]","[{'label': 'neutral', 'score': 0.9896003007888794}]"
8강~4강,"[{'label': 'neutral', 'score': 0.7864867448806763}]","[{'label': 'neutral', 'score': 0.9974825978279114}]"
8강~4강,"[{'label': 'neutral', 'score': 0.9979708790779114}]","[{'label': 'neutral', 'score': 0.9960812926292419}]"
8강~4강,"[{'label': 'neutral', 'score': 0.9970665574073792}]","[{'label': 'neutral', 'score': 0.9795249700546265}]"
8강~4강,"[{'label': 'neutral', 'score': 0.684984028339386}]","[{'label': 'neutral', 'score': 0.9990560412406921}]"
8강~4강,"[{'label': 'neutral', 'score': 0.9891703724861145}]","[{'label': 'neutral', 'score': 0.6952218413352966}]"
8강~4강,"[{'label': 'positive', 'score': 0.9558302164077759}]","[{'label': 'neutral', 'score': 0.9956472516059875}]"
8강~4강,"[{'label': 'neutral', 'score': 0.9411858916282654}]","[{'label': 'neutral', 'score': 0.9981460571289062}]"
8강~4강,"[{'label': 'neutral', 'score': 0.9916425943374634}]","[{'label': 'neutral', 'score': 0.997514009475708}]"
8강~4강,"[{'label': 'neutral', 'score': 0.9918952584266663}]","[{'label': 'neutral', 'score': 0.8193013072013855}]"
8강~4강,"[{'label': 'neutral', 'score': 0.9927611351013184}]","[{'label': 'neutral', 'score': 0.5208771824836731}]"
8강~4강,"[{'label': 'neutral', 'score': 0.993887722492218}]","[{'label': 'neutral', 'score': 0.995425283908844}]"
8강~4강,"[{'label': 'neutral', 'score': 0.97788006067276}]","[{'label': 'neutral', 'score': 0.9956728219985962}]"
8강~4강,"[{'label': 'negative', 'score': 0.9533258676528931}]","[{'label': 'neutral', 'score': 0.5392846465110779}]"
8강~4강,"[{'label': 'neutral', 'score': 0.9988119602203369}]","[{'label': 'neutral', 'score': 0.9986196756362915}]"
8강~4강,"[{'label': 'neutral', 'score': 0.9889117479324341}]","[{'label': 'neutral', 'score': 0.9713015556335449}]"
8강~4강,"[{'label': 'neutral', 'score': 0.9824153780937195}]","[{'label': 'neutral', 'score': 0.9876871705055237}]"
8강~4강,"[{'label': 'neutral', 'score': 0.9786936044692993}]","[{'label': 'neutral', 'score': 0.9939070343971252}]"
8강~4강,"[{'label': 'neutral', 'score': 0.992664635181427}]","[{'label': 'neutral', 'score': 0.9991503953933716}]"
8강~4강,"[{'label': 'neutral', 'score': 0.9986756443977356}]","[{'label': 'neutral', 'score': 0.8695389032363892}]"
8강~4강,"[{'label': 'neutral', 'score': 0.9830799102783203}]","[{'label': 'neutral', 'score': 0.9939923882484436}]"
8강~4강,"[{'label': 'neutral', 'score': 0.9407567977905273}]","[{'label': 'negative', 'score': 0.7221142053604126}]"
8강~4강,"[{'label': 'neutral', 'score': 0.8503440022468567}]","[{'label': 'neutral', 'score': 0.9927555918693542}]"
8강~4강,"[{'label': 'neutral', 'score': 0.9988865256309509}]","[{'label': 'neutral', 'score': 0.9991503953933716}]"
8강~4강,"[{'label': 'neutral', 'score': 0.9979162812232971}]","[{'label': 'neutral', 'score': 0.9981676340103149}]"
8강~4강,"[{'label': 'neutral', 'score': 0.9891073107719421}]","[{'label': 'neutral', 'score': 0.9649161100387573}]"
8강~4강,"[{'label': 'neutral', 'score': 0.9793586134910583}]","[{'label': 'neutral', 'score': 0.9992068409919739}]"
8강~4강,"[{'label': 'neutral', 'score': 0.9773117899894714}]","[{'label': 'negative', 'score': 0.5875742435455322}]"
8강~4강,"[{'label': 'neutral', 'score': 0.9383737444877625}]","[{'label': 'neutral', 'score': 0.9992101192474365}]"
8강~4강,"[{'label': 'neutral', 'score': 0.9977887868881226}]","[{'label': 'neutral', 'score': 0.9983125925064087}]"
8강~4강,"[{'label': 'neutral', 'score': 0.7446303367614746}]","[{'label': 'neutral', 'score': 0.9988345503807068}]"
8강~4강,"[{'label': 'neutral', 'score': 0.998559296131134}]","[{'label': 'neutral', 'score': 0.9991787075996399}]"
8강~4강,"[{'label': 'neutral', 'score': 0.989778459072113}]","[{'label': 'neutral', 'score': 0.997833788394928}]"
8강~4강,"[{'label': 'neutral', 'score': 0.7444861531257629}]","[{'label': 'neutral', 'score': 0.7436012029647827}]"
8강~4강,"[{'label': 'neutral', 'score': 0.9640733003616333}]","[{'label': 'neutral', 'score': 0.9991010427474976}]"
8강~4강,"[{'label': 'neutral', 'score': 0.9946553707122803}]","[{'label': 'neutral', 'score': 0.9988808035850525}]"
8강~4강,"[{'label': 'neutral', 'score': 0.9119186401367188}]","[{'label': 'neutral', 'score': 0.8637992739677429}]"
8강~4강,"[{'label': 'neutral', 'score': 0.9952710270881653}]","[{'label': 'neutral', 'score': 0.9992364645004272}]"
8강~4강,"[{'label': 'neutral', 'score': 0.9930006265640259}]","[{'label': 'neutral', 'score': 0.9875774383544922}]"
8강~4강,"[{'label': 'neutral', 'score': 0.9991390705108643}]","[{'label': 'neutral', 'score': 0.9956798553466797}]"
8강~4강,"[{'label': 'neutral', 'score': 0.49712449312210083}]","[{'label': 'neutral', 'score': 0.6048245429992676}]"
8강~4강,"[{'label': 'neutral', 'score': 0.9945083260536194}]","[{'label': 'neutral', 'score': 0.9932158589363098}]"
8강~4강,"[{'label': 'neutral', 'score': 0.9066758155822754}]","[{'label': 'neutral', 'score': 0.6074311137199402}]"
8강~4강,"[{'label': 'neutral', 'score': 0.9190481305122375}]","[{'label': 'neutral', 'score': 0.9883793592453003}]"
8강~4강,"[{'label': 'neutral', 'score': 0.6968778371810913}]","[{'label': 'negative', 'score': 0.7890086770057678}]"
8강~4강,"[{'label': 'neutral', 'score': 0.5500491857528687}]","[{'label': 'neutral', 'score': 0.9975730776786804}]"
8강~4강,"[{'label': 'negative', 'score': 0.5209651589393616}]","[{'label': 'neutral', 'score': 0.9235830307006836}]"
8강~4강,"[{'label': 'neutral', 'score': 0.9654837250709534}]","[{'label': 'neutral', 'score': 0.9795610308647156}]"
8강~4강,"[{'label': 'neutral', 'score': 0.9759933352470398}]","[{'label': 'neutral', 'score': 0.9061360359191895}]"
8강~4강,"[{'label': 'neutral', 'score': 0.6969170570373535}]","[{'label': 'neutral', 'score': 0.993229866027832}]"
8강~4강,"[{'label': 'neutral', 'score': 0.9047443866729736}]","[{'label': 'neutral', 'score': 0.9995425939559937}]"
8강~4강,"[{'label': 'neutral', 'score': 0.9461780190467834}]","[{'label': 'neutral', 'score': 0.9947206974029541}]"
8강~4강,"[{'label': 'neutral', 'score': 0.8452338576316833}]","[{'label': 'positive', 'score': 0.5437395572662354}]"
8강~4강,"[{'label': 'neutral', 'score': 0.8039663434028625}]","[{'label': 'neutral', 'score': 0.9973511695861816}]"
8강~4강,"[{'label': 'neutral', 'score': 0.9922997355461121}]","[{'label': 'neutral', 'score': 0.6148345470428467}]"
8강~4강,"[{'label': 'neutral', 'score': 0.8992782831192017}]","[{'label': 'neutral', 'score': 0.9384874105453491}]"
8강~4강,"[{'label': 'negative', 'score': 0.9563559293746948}]","[{'label': 'neutral', 'score': 0.9788075685501099}]"
8강~4강,"[{'label': 'neutral', 'score': 0.988182008266449}]","[{'label': 'neutral', 'score': 0.9925042390823364}]"
8강~4강,"[{'label': 'neutral', 'score': 0.9903171062469482}]","[{'label': 'neutral', 'score': 0.9990338087081909}]"
8강~4강,"[{'label': 'neutral', 'score': 0.9741154909133911}]","[{'label': 'neutral', 'score': 0.996431827545166}]"
8강~4강,"[{'label': 'neutral', 'score': 0.5804378986358643}]","[{'label': 'neutral', 'score': 0.6832796335220337}]"
8강~4강,"[{'label': 'neutral', 'score': 0.7985270619392395}]","[{'label': 'neutral', 'score': 0.9494609236717224}]"
8강~4강,"[{'label': 'neutral', 'score': 0.9548664689064026}]","[{'label': 'neutral', 'score': 0.9879170060157776}]"
8강~4강,"[{'label': 'neutral', 'score': 0.9938840270042419}]","[{'label': 'neutral', 'score': 0.9985519051551819}]"
8강~4강,"[{'label': 'neutral', 'score': 0.9879860281944275}]","[{'label': 'neutral', 'score': 0.9979762434959412}]"
4강~여론이슈,"[{'label': 'negative', 'score': 0.9980170726776123}]","[{'label': 'negative', 'score': 0.9962833523750305}]"
4강~여론이슈,"[{'label': 'neutral', 'score': 0.9110312461853027}]","[{'label': 'neutral', 'score': 0.853850245475769}]"
4강~여론이슈,"[{'label': 'neutral', 'score': 0.6392358541488647}]","[{'label': 'negative', 'score': 0.8920159339904785}]"
4강~여론이슈,"[{'label': 'negative', 'score': 0.9666242599487305}]","[{'label': 'negative', 'score': 0.9983499050140381}]"
4강~여론이슈,"[{'label': 'neutral', 'score': 0.7953307628631592}]","[{'label': 'negative', 'score': 0.9298837780952454}]"
4강~여론이슈,"[{'label': 'neutral', 'score': 0.830382764339447}]","[{'label': 'neutral', 'score': 0.9732775092124939}]"
4강~여론이슈,"[{'label': 'negative', 'score': 0.8083053231239319}]","[{'label': 'neutral', 'score': 0.7411219477653503}]"
4강~여론이슈,"[{'label': 'neutral', 'score': 0.9856758117675781}]","[{'label': 'neutral', 'score': 0.9758915901184082}]"
4강~여론이슈,"[{'label': 'negative', 'score': 0.8778370022773743}]","[{'label': 'neutral', 'score': 0.9770990014076233}]"
4강~여론이슈,"[{'label': 'neutral', 'score': 0.863871157169342}]","[{'label': 'negative', 'score': 0.9937799572944641}]"
4강~여론이슈,"[{'label': 'neutral', 'score': 0.9329390525817871}]","[{'label': 'negative', 'score': 0.9695962071418762}]"
4강~여론이슈,"[{'label': 'neutral', 'score': 0.9583737254142761}]","[{'label': 'negative', 'score': 0.9849557280540466}]"
4강~여론이슈,"[{'label': 'neutral', 'score': 0.9617895483970642}]","[{'label': 'negative', 'score': 0.9629514217376709}]"
4강~여론이슈,"[{'label': 'neutral', 'score': 0.9946572184562683}]","[{'label': 'neutral', 'score': 0.7967418432235718}]"
4강~여론이슈,"[{'label': 'negative', 'score': 0.6170989274978638}]","[{'label': 'negative', 'score': 0.8670582175254822}]"
4강~여론이슈,"[{'label': 'negative', 'score': 0.8777177333831787}]","[{'label': 'neutral', 'score': 0.9770990014076233}]"
4강~여론이슈,"[{'label': 'neutral', 'score': 0.6946234107017517}]","[{'label': 'neutral', 'score': 0.6140470504760742}]"
4강~여론이슈,"[{'label': 'neutral', 'score': 0.534544050693512}]","[{'label': 'negative', 'score': 0.9828234910964966}]"
4강~여론이슈,"[{'label': 'neutral', 'score': 0.7746565937995911}]","[{'label': 'neutral', 'score': 0.8716549873352051}]"
4강~여론이슈,"[{'label': 'negative', 'score': 0.9666242599487305}]","[{'label': 'negative', 'score': 0.9983499050140381}]"
4강~여론이슈,"[{'label': 'neutral', 'score': 0.825878381729126}]","[{'label': 'neutral', 'score': 0.9851917028427124}]"
4강~여론이슈,"[{'label': 'neutral', 'score': 0.9153963327407837}]","[{'label': 'neutral', 'score': 0.9783428311347961}]"
4강~여론이슈,"[{'label': 'negative', 'score': 0.5962303280830383}]","[{'label': 'negative', 'score': 0.8442381620407104}]"
4강~여론이슈,"[{'label': 'negative', 'score': 0.518045961856842}]","[{'label': 'negative', 'score': 0.9016440510749817}]"
4강~여론이슈,"[{'label': 'neutral', 'score': 0.7906465530395508}]","[{'label': 'neutral', 'score': 0.9060448408126831}]"
4강~여론이슈,"[{'label': 'neutral', 'score': 0.5003362894058228}]","[{'label': 'negative', 'score': 0.825607180595398}]"
4강~여론이슈,"[{'label': 'negative', 'score': 0.9105154275894165}]","[{'label': 'negative', 'score': 0.9909654855728149}]"
4강~여론이슈,"[{'label': 'neutral', 'score': 0.8551743030548096}]","[{'label': 'negative', 'score': 0.9691819548606873}]"
4강~여론이슈,"[{'label': 'neutral', 'score': 0.9713701605796814}]","[{'label': 'neutral', 'score': 0.9607183933258057}]"
4강~여론이슈,"[{'label': 'negative', 'score': 0.8878455758094788}]","[{'label': 'negative', 'score': 0.9733431339263916}]"
4강~여론이슈,"[{'label': 'neutral', 'score': 0.9183851480484009}]","[{'label': 'negative', 'score': 0.9982923865318298}]"
4강~여론이슈,"[{'label': 'neutral', 'score': 0.9984853863716125}]","[{'label': 'neutral', 'score': 0.9914912581443787}]"
4강~여론이슈,"[{'label': 'negative', 'score': 0.8722623586654663}]","[{'label': 'neutral', 'score': 0.8166325688362122}]"
4강~여론이슈,"[{'label': 'negative', 'score': 0.9551593661308289}]","[{'label': 'negative', 'score': 0.5870859622955322}]"
4강~여론이슈,"[{'label': 'negative', 'score': 0.5671549439430237}]","[{'label': 'negative', 'score': 0.9563493728637695}]"
4강~여론이슈,"[{'label': 'neutral', 'score': 0.937613844871521}]","[{'label': 'negative', 'score': 0.7696386575698853}]"
4강~여론이슈,"[{'label': 'negative', 'score': 0.953800618648529}]","[{'label': 'negative', 'score': 0.9480611085891724}]"
4강~여론이슈,"[{'label': 'negative', 'score': 0.6884154677391052}]","[{'label': 'neutral', 'score': 0.9768514037132263}]"
4강~여론이슈,"[{'label': 'negative', 'score': 0.9936542510986328}]","[{'label': 'negative', 'score': 0.9617235660552979}]"
4강~여론이슈,"[{'label': 'neutral', 'score': 0.994942843914032}]","[{'label': 'negative', 'score': 0.7775079607963562}]"
4강~여론이슈,"[{'label': 'neutral', 'score': 0.975019097328186}]","[{'label': 'neutral', 'score': 0.9925326704978943}]"
4강~여론이슈,"[{'label': 'neutral', 'score': 0.6044514179229736}]","[{'label': 'negative', 'score': 0.866153359413147}]"
4강~여론이슈,"[{'label': 'negative', 'score': 0.9949593544006348}]","[{'label': 'negative', 'score': 0.9989546537399292}]"
4강~여론이슈,"[{'label': 'neutral', 'score': 0.9969326257705688}]","[{'label': 'neutral', 'score': 0.711419403553009}]"
4강~여론이슈,"[{'label': 'neutral', 'score': 0.9806444048881531}]","[{'label': 'negative', 'score': 0.628708004951477}]"
4강~여론이슈,"[{'label': 'neutral', 'score': 0.5829746723175049}]","[{'label': 'negative', 'score': 0.6206597685813904}]"
4강~여론이슈,"[{'label': 'neutral', 'score': 0.9984538555145264}]","[{'label': 'neutral', 'score': 0.9917469024658203}]"
4강~여론이슈,"[{'label': 'neutral', 'score': 0.9808370471000671}]","[{'label': 'neutral', 'score': 0.9538649320602417}]"
4강~여론이슈,"[{'label': 'neutral', 'score': 0.6999403834342957}]","[{'label': 'neutral', 'score': 0.5982547402381897}]"
4강~여론이슈,"[{'label': 'negative', 'score': 0.5491056442260742}]","[{'label': 'negative', 'score': 0.7228248119354248}]"
4강~여론이슈,"[{'label': 'neutral', 'score': 0.9476430416107178}]","[{'label': 'negative', 'score': 0.6372336149215698}]"
4강~여론이슈,"[{'label': 'neutral', 'score': 0.9857012033462524}]","[{'label': 'neutral', 'score': 0.7452256679534912}]"
4강~여론이슈,"[{'label': 'neutral', 'score': 0.6015697717666626}]","[{'label': 'negative', 'score': 0.9143691062927246}]"
4강~여론이슈,"[{'label': 'neutral', 'score': 0.9781352281570435}]","[{'label': 'negative', 'score': 0.541540801525116}]"
4강~여론이슈,"[{'label': 'neutral', 'score': 0.6181997656822205}]","[{'label': 'negative', 'score': 0.8906870484352112}]"
4강~여론이슈,"[{'label': 'neutral', 'score': 0.9853342771530151}]","[{'label': 'neutral', 'score': 0.8552306890487671}]"
4강~여론이슈,"[{'label': 'neutral', 'score': 0.9151891469955444}]","[{'label': 'negative', 'score': 0.9518435001373291}]"
4강~여론이슈,"[{'label': 'neutral', 'score': 0.982014536857605}]","[{'label': 'negative', 'score': 0.8696586489677429}]"
4강~여론이슈,"[{'label': 'neutral', 'score': 0.9208784699440002}]","[{'label': 'neutral', 'score': 0.9610419273376465}]"
4강~여론이슈,"[{'label': 'neutral', 'score': 0.9805704951286316}]","[{'label': 'negative', 'score': 0.9559353590011597}]"
4강~여론이슈,"[{'label': 'neutral', 'score': 0.9890178442001343}]","[{'label': 'negative', 'score': 0.7287339568138123}]"
4강~여론이슈,"[{'label': 'neutral', 'score': 0.9033637046813965}]","[{'label': 'neutral', 'score': 0.7911159992218018}]"
4강~여론이슈,"[{'label': 'negative', 'score': 0.9619873762130737}]","[{'label': 'negative', 'score': 0.9979596138000488}]"
4강~여론이슈,"[{'label': 'neutral', 'score': 0.9209972620010376}]","[{'label': 'neutral', 'score': 0.9909103512763977}]"
4강~여론이슈,"[{'label': 'neutral', 'score': 0.9649111032485962}]","[{'label': 'neutral', 'score': 0.8121621012687683}]"
4강~여론이슈,"[{'label': 'neutral', 'score': 0.9391524195671082}]","[{'label': 'negative', 'score': 0.9762092232704163}]"
4강~여론이슈,"[{'label': 'neutral', 'score': 0.5792059302330017}]","[{'label': 'negative', 'score': 0.8592479228973389}]"
4강~여론이슈,"[{'label': 'neutral', 'score': 0.9766888618469238}]","[{'label': 'negative', 'score': 0.5956801176071167}]"
4강~여론이슈,"[{'label': 'neutral', 'score': 0.9916263818740845}]","[{'label': 'neutral', 'score': 0.9724497199058533}]"
4강~여론이슈,"[{'label': 'neutral', 'score': 0.9564212560653687}]","[{'label': 'negative', 'score': 0.9558727145195007}]"
4강~여론이슈,"[{'label': 'neutral', 'score': 0.9339581727981567}]","[{'label': 'negative', 'score': 0.700221061706543}]"
4강~여론이슈,"[{'label': 'neutral', 'score': 0.9150958061218262}]","[{'label': 'negative', 'score': 0.9979238510131836}]"
4강~여론이슈,"[{'label': 'neutral', 'score': 0.9955184459686279}]","[{'label': 'negative', 'score': 0.9335904717445374}]"
4강~여론이슈,"[{'label': 'neutral', 'score': 0.991297721862793}]","[{'label': 'negative', 'score': 0.995897650718689}]"
4강~여론이슈,"[{'label': 'negative', 'score': 0.9678211212158203}]","[{'label': 'negative', 'score': 0.9946821331977844}]"
4강~여론이슈,"[{'label': 'neutral', 'score': 0.9243580102920532}]","[{'label': 'neutral', 'score': 0.990868091583252}]"
4강~여론이슈,"[{'label': 'negative', 'score': 0.9968594312667847}]","[{'label': 'negative', 'score': 0.9956409931182861}]"
4강~여론이슈,"[{'label': 'neutral', 'score': 0.8978804349899292}]","[{'label': 'neutral', 'score': 0.568001389503479}]"
4강~여론이슈,"[{'label': 'neutral', 'score': 0.7420735955238342}]","[{'label': 'neutral', 'score': 0.8403252363204956}]"
4강~여론이슈,"[{'label': 'neutral', 'score': 0.925663411617279}]","[{'label': 'neutral', 'score': 0.9972139000892639}]"
4강~여론이슈,"[{'label': 'negative', 'score': 0.7983547449111938}]","[{'label': 'negative', 'score': 0.9666232466697693}]"
4강~여론이슈,"[{'label': 'negative', 'score': 0.8035082817077637}]","[{'label': 'negative', 'score': 0.9919192790985107}]"
4강~여론이슈,"[{'label': 'neutral', 'score': 0.9923810362815857}]","[{'label': 'neutral', 'score': 0.8806478977203369}]"
4강~여론이슈,"[{'label': 'neutral', 'score': 0.9653233885765076}]","[{'label': 'neutral', 'score': 0.5453097820281982}]"
4강~여론이슈,"[{'label': 'negative', 'score': 0.8277624845504761}]","[{'label': 'negative', 'score': 0.9614658951759338}]"
4강~여론이슈,"[{'label': 'negative', 'score': 0.7734544277191162}]","[{'label': 'negative', 'score': 0.9943835735321045}]"
4강~여론이슈,"[{'label': 'neutral', 'score': 0.6877396702766418}]","[{'label': 'negative', 'score': 0.9661426544189453}]"
4강~여론이슈,"[{'label': 'negative', 'score': 0.7463701367378235}]","[{'label': 'negative', 'score': 0.9974392652511597}]"
4강~여론이슈,"[{'label': 'neutral', 'score': 0.9946693778038025}]","[{'label': 'negative', 'score': 0.9988225102424622}]"
4강~여론이슈,"[{'label': 'neutral', 'score': 0.9941587448120117}]","[{'label': 'neutral', 'score': 0.8104479312896729}]"
여론이슈~경질,"[{'label': 'negative', 'score': 0.9671419262886047}]","[{'label': 'negative', 'score': 0.947095513343811}]"
여론이슈~경질,"[{'label': 'negative', 'score': 0.8191425800323486}]","[{'label': 'neutral', 'score': 0.8147079944610596}]"
여론이슈~경질,"[{'label': 'neutral', 'score': 0.6639389991760254}]","[{'label': 'negative', 'score': 0.9848841428756714}]"
여론이슈~경질,"[{'label': 'neutral', 'score': 0.6517853736877441}]","[{'label': 'negative', 'score': 0.6417443156242371}]"
여론이슈~경질,"[{'label': 'neutral', 'score': 0.7273294925689697}]","[{'label': 'neutral', 'score': 0.8923320174217224}]"
여론이슈~경질,"[{'label': 'neutral', 'score': 0.5840749144554138}]","[{'label': 'negative', 'score': 0.7735055088996887}]"
여론이슈~경질,"[{'label': 'negative', 'score': 0.9885812401771545}]","[{'label': 'negative', 'score': 0.9753256440162659}]"
여론이슈~경질,"[{'label': 'neutral', 'score': 0.7839614152908325}]","[{'label': 'negative', 'score': 0.9465899467468262}]"
여론이슈~경질,"[{'label': 'neutral', 'score': 0.5367638468742371}]","[{'label': 'neutral', 'score': 0.9451748132705688}]"
여론이슈~경질,"[{'label': 'neutral', 'score': 0.9920728802680969}]","[{'label': 'negative', 'score': 0.9978640675544739}]"
여론이슈~경질,"[{'label': 'neutral', 'score': 0.5367638468742371}]","[{'label': 'neutral', 'score': 0.9451748132705688}]"
여론이슈~경질,"[{'label': 'negative', 'score': 0.9790282845497131}]","[{'label': 'negative', 'score': 0.9751418232917786}]"
여론이슈~경질,"[{'label': 'negative', 'score': 0.883135199546814}]","[{'label': 'negative', 'score': 0.6296433210372925}]"
여론이슈~경질,"[{'label': 'negative', 'score': 0.9192394614219666}]","[{'label': 'negative', 'score': 0.7035282850265503}]"
여론이슈~경질,"[{'label': 'neutral', 'score': 0.982461154460907}]","[{'label': 'negative', 'score': 0.937754213809967}]"
여론이슈~경질,"[{'label': 'neutral', 'score': 0.9950969815254211}]","[{'label': 'negative', 'score': 0.936326801776886}]"
여론이슈~경질,"[{'label': 'neutral', 'score': 0.9707332849502563}]","[{'label': 'negative', 'score': 0.9745804667472839}]"
여론이슈~경질,"[{'label': 'neutral', 'score': 0.9779886603355408}]","[{'label': 'negative', 'score': 0.6130350232124329}]"
여론이슈~경질,"[{'label': 'neutral', 'score': 0.9028847217559814}]","[{'label': 'negative', 'score': 0.9977741837501526}]"
여론이슈~경질,"[{'label': 'neutral', 'score': 0.9906636476516724}]","[{'label': 'neutral', 'score': 0.8527532815933228}]"
여론이슈~경질,"[{'label': 'negative', 'score': 0.9217389822006226}]","[{'label': 'neutral', 'score': 0.5014408230781555}]"
여론이슈~경질,"[{'label': 'neutral', 'score': 0.5092732310295105}]","[{'label': 'neutral', 'score': 0.7760152220726013}]"
여론이슈~경질,"[{'label': 'neutral', 'score': 0.9483606815338135}]","[{'label': 'negative', 'score': 0.9589221477508545}]"
여론이슈~경질,"[{'label': 'neutral', 'score': 0.9623467326164246}]","[{'label': 'negative', 'score': 0.9944836497306824}]"
여론이슈~경질,"[{'label': 'neutral', 'score': 0.8188679814338684}]","[{'label': 'neutral', 'score': 0.9499700665473938}]"
여론이슈~경질,"[{'label': 'neutral', 'score': 0.906928300857544}]","[{'label': 'neutral', 'score': 0.6446405053138733}]"
여론이슈~경질,"[{'label': 'neutral', 'score': 0.9025471210479736}]","[{'label': 'negative', 'score': 0.9958556294441223}]"
여론이슈~경질,"[{'label': 'positive', 'score': 0.6525042653083801}]","[{'label': 'negative', 'score': 0.6148357391357422}]"
여론이슈~경질,"[{'label': 'negative', 'score': 0.9938803911209106}]","[{'label': 'negative', 'score': 0.839745819568634}]"
여론이슈~경질,"[{'label': 'neutral', 'score': 0.7726396322250366}]","[{'label': 'neutral', 'score': 0.9764145612716675}]"
여론이슈~경질,"[{'label': 'negative', 'score': 0.9307223558425903}]","[{'label': 'neutral', 'score': 0.8529794216156006}]"
여론이슈~경질,"[{'label': 'neutral', 'score': 0.5479077696800232}]","[{'label': 'negative', 'score': 0.7695976495742798}]"
여론이슈~경질,"[{'label': 'positive', 'score': 0.6960539817810059}]","[{'label': 'negative', 'score': 0.9446396827697754}]"
여론이슈~경질,"[{'label': 'neutral', 'score': 0.9844107627868652}]","[{'label': 'negative', 'score': 0.6583373546600342}]"
여론이슈~경질,"[{'label': 'negative', 'score': 0.9763908386230469}]","[{'label': 'negative', 'score': 0.9114210605621338}]"
여론이슈~경질,"[{'label': 'negative', 'score': 0.9583005905151367}]","[{'label': 'negative', 'score': 0.9981118440628052}]"
여론이슈~경질,"[{'label': 'negative', 'score': 0.6511595249176025}]","[{'label': 'neutral', 'score': 0.8268618583679199}]"
여론이슈~경질,"[{'label': 'neutral', 'score': 0.681974470615387}]","[{'label': 'negative', 'score': 0.9542792439460754}]"
여론이슈~경질,"[{'label': 'negative', 'score': 0.9739978313446045}]","[{'label': 'negative', 'score': 0.9990386962890625}]"
여론이슈~경질,"[{'label': 'neutral', 'score': 0.9590631723403931}]","[{'label': 'neutral', 'score': 0.9955518841743469}]"
여론이슈~경질,"[{'label': 'negative', 'score': 0.8073910474777222}]","[{'label': 'negative', 'score': 0.9542389512062073}]"
여론이슈~경질,"[{'label': 'neutral', 'score': 0.9576337337493896}]","[{'label': 'negative', 'score': 0.7850314378738403}]"
여론이슈~경질,"[{'label': 'neutral', 'score': 0.698569118976593}]","[{'label': 'neutral', 'score': 0.5809045433998108}]"
여론이슈~경질,"[{'label': 'neutral', 'score': 0.9915674328804016}]","[{'label': 'negative', 'score': 0.5462954640388489}]"
여론이슈~경질,"[{'label': 'neutral', 'score': 0.48304545879364014}]","[{'label': 'negative', 'score': 0.9349602460861206}]"
여론이슈~경질,"[{'label': 'neutral', 'score': 0.8052215576171875}]","[{'label': 'neutral', 'score': 0.9850090742111206}]"
여론이슈~경질,"[{'label': 'negative', 'score': 0.6598122119903564}]","[{'label': 'neutral', 'score': 0.9655141234397888}]"
여론이슈~경질,"[{'label': 'neutral', 'score': 0.9750822186470032}]","[{'label': 'neutral', 'score': 0.9978044629096985}]"
여론이슈~경질,"[{'label': 'neutral', 'score': 0.9770185351371765}]","[{'label': 'neutral', 'score': 0.718651533126831}]"
여론이슈~경질,"[{'label': 'negative', 'score': 0.7468133568763733}]","[{'label': 'neutral', 'score': 0.8195654153823853}]"
여론이슈~경질,"[{'label': 'neutral', 'score': 0.9969869256019592}]","[{'label': 'neutral', 'score': 0.9962792992591858}]"
여론이슈~경질,"[{'label': 'negative', 'score': 0.9535592794418335}]","[{'label': 'neutral', 'score': 0.7130757570266724}]"
여론이슈~경질,"[{'label': 'neutral', 'score': 0.9980753660202026}]","[{'label': 'negative', 'score': 0.8944952487945557}]"
여론이슈~경질,"[{'label': 'neutral', 'score': 0.9953773021697998}]","[{'label': 'negative', 'score': 0.9207941889762878}]"
여론이슈~경질,"[{'label': 'neutral', 'score': 0.952172040939331}]","[{'label': 'negative', 'score': 0.9766759276390076}]"
여론이슈~경질,"[{'label': 'negative', 'score': 0.6510350704193115}]","[{'label': 'negative', 'score': 0.9529908895492554}]"
여론이슈~경질,"[{'label': 'neutral', 'score': 0.9905913472175598}]","[{'label': 'neutral', 'score': 0.9962956309318542}]"
여론이슈~경질,"[{'label': 'neutral', 'score': 0.8223292827606201}]","[{'label': 'neutral', 'score': 0.8159710764884949}]"
여론이슈~경질,"[{'label': 'neutral', 'score': 0.5491863489151001}]","[{'label': 'neutral', 'score': 0.9610279202461243}]"
여론이슈~경질,"[{'label': 'negative', 'score': 0.9732236862182617}]","[{'label': 'negative', 'score': 0.9950354099273682}]"
여론이슈~경질,"[{'label': 'negative', 'score': 0.882501482963562}]","[{'label': 'negative', 'score': 0.8809509873390198}]"
여론이슈~경질,"[{'label': 'neutral', 'score': 0.9918393492698669}]","[{'label': 'negative', 'score': 0.8431390523910522}]"
여론이슈~경질,"[{'label': 'negative', 'score': 0.6684414744377136}]","[{'label': 'neutral', 'score': 0.6110407114028931}]"
여론이슈~경질,"[{'label': 'neutral', 'score': 0.6219974756240845}]","[{'label': 'neutral', 'score': 0.9329888224601746}]"
여론이슈~경질,"[{'label': 'negative', 'score': 0.9942200183868408}]","[{'label': 'negative', 'score': 0.9600365161895752}]"
여론이슈~경질,"[{'label': 'negative', 'score': 0.9963667392730713}]","[{'label': 'neutral', 'score': 0.9902281761169434}]"
여론이슈~경질,"[{'label': 'neutral', 'score': 0.7377351522445679}]","[{'label': 'negative', 'score': 0.7908892631530762}]"
여론이슈~경질,"[{'label': 'negative', 'score': 0.5034622550010681}]","[{'label': 'negative', 'score': 0.9867196679115295}]"
여론이슈~경질,"[{'label': 'neutral', 'score': 0.9994491934776306}]","[{'label': 'negative', 'score': 0.7908443212509155}]"
여론이슈~경질,"[{'label': 'negative', 'score': 0.8920392990112305}]","[{'label': 'negative', 'score': 0.9713656902313232}]"
여론이슈~경질,"[{'label': 'neutral', 'score': 0.9929083585739136}]","[{'label': 'neutral', 'score': 0.8397894501686096}]"
여론이슈~경질,"[{'label': 'neutral', 'score': 0.998660683631897}]","[{'label': 'neutral', 'score': 0.9964392781257629}]"
여론이슈~경질,"[{'label': 'neutral', 'score': 0.992563784122467}]","[{'label': 'negative', 'score': 0.9647560715675354}]"
여론이슈~경질,"[{'label': 'neutral', 'score': 0.9987807869911194}]","[{'label': 'negative', 'score': 0.9960898160934448}]"
여론이슈~경질,"[{'label': 'negative', 'score': 0.9955729246139526}]","[{'label': 'negative', 'score': 0.9934859871864319}]"
여론이슈~경질,"[{'label': 'negative', 'score': 0.8539316058158875}]","[{'label': 'negative', 'score': 0.9941582679748535}]"
여론이슈~경질,"[{'label': 'neutral', 'score': 0.5409773588180542}]","[{'label': 'negative', 'score': 0.9644315242767334}]"
여론이슈~경질,"[{'label': 'negative', 'score': 0.8906950950622559}]","[{'label': 'neutral', 'score': 0.8868304491043091}]"
여론이슈~경질,"[{'label': 'neutral', 'score': 0.9545860290527344}]","[{'label': 'neutral', 'score': 0.8637009263038635}]"
여론이슈~경질,"[{'label': 'negative', 'score': 0.5283136367797852}]","[{'label': 'neutral', 'score': 0.5048896074295044}]"
여론이슈~경질,"[{'label': 'neutral', 'score': 0.6310210227966309}]","[{'label': 'negative', 'score': 0.642370879650116}]"
여론이슈~경질,"[{'label': 'neutral', 'score': 0.8047997951507568}]","[{'label': 'neutral', 'score': 0.9630172252655029}]"
여론이슈~경질,"[{'label': 'neutral', 'score': 0.9816222190856934}]","[{'label': 'neutral', 'score': 0.9313875436782837}]"
여론이슈~경질,"[{'label': 'neutral', 'score': 0.9992207288742065}]","[{'label': 'negative', 'score': 0.9973822236061096}]"
여론이슈~경질,"[{'label': 'neutral', 'score': 0.9962993264198303}]","[{'label': 'negative', 'score': 0.5104838013648987}]"
여론이슈~경질,"[{'label': 'neutral', 'score': 0.6144120097160339}]","[{'label': 'neutral', 'score': 0.9945853352546692}]"
여론이슈~경질,"[{'label': 'neutral', 'score': 0.6875409483909607}]","[{'label': 'negative', 'score': 0.9132409691810608}]"
여론이슈~경질,"[{'label': 'negative', 'score': 0.8436780571937561}]","[{'label': 'negative', 'score': 0.6390059590339661}]"
여론이슈~경질,"[{'label': 'negative', 'score': 0.9884916543960571}]","[{'label': 'negative', 'score': 0.997528612613678}]"
여론이슈~경질,"[{'label': 'neutral', 'score': 0.9872685670852661}]","[{'label': 'neutral', 'score': 0.9840765595436096}]"
경질이후,"[{'label': 'positive', 'score': 0.6731852889060974}]","[{'label': 'negative', 'score': 0.994753360748291}]"
경질이후,"[{'label': 'neutral', 'score': 0.9863262176513672}]","[{'label': 'negative', 'score': 0.7787657976150513}]"
경질이후,"[{'label': 'neutral', 'score': 0.9161446690559387}]","[{'label': 'negative', 'score': 0.99472576379776}]"
경질이후,"[{'label': 'neutral', 'score': 0.9906586408615112}]","[{'label': 'neutral', 'score': 0.9575989246368408}]"
경질이후,"[{'label': 'neutral', 'score': 0.972496747970581}]","[{'label': 'negative', 'score': 0.5291734337806702}]"
경질이후,"[{'label': 'negative', 'score': 0.9922229647636414}]","[{'label': 'negative', 'score': 0.974526047706604}]"
경질이후,"[{'label': 'negative', 'score': 0.9364234805107117}]","[{'label': 'negative', 'score': 0.9845081567764282}]"
경질이후,"[{'label': 'neutral', 'score': 0.8230418562889099}]","[{'label': 'neutral', 'score': 0.9497727155685425}]"
경질이후,"[{'label': 'negative', 'score': 0.7547208070755005}]","[{'label': 'negative', 'score': 0.823855996131897}]"
경질이후,"[{'label': 'positive', 'score': 0.4761129319667816}]","[{'label': 'negative', 'score': 0.9867845177650452}]"
경질이후,"[{'label': 'neutral', 'score': 0.9906586408615112}]","[{'label': 'neutral', 'score': 0.9575989246368408}]"
경질이후,"[{'label': 'neutral', 'score': 0.993866503238678}]","[{'label': 'neutral', 'score': 0.9921398758888245}]"
경질이후,"[{'label': 'neutral', 'score': 0.5361722111701965}]","[{'label': 'negative', 'score': 0.9970593452453613}]"
경질이후,"[{'label': 'neutral', 'score': 0.9704510569572449}]","[{'label': 'neutral', 'score': 0.9526917338371277}]"
경질이후,"[{'label': 'negative', 'score': 0.9703255295753479}]","[{'label': 'negative', 'score': 0.9757502675056458}]"
경질이후,"[{'label': 'neutral', 'score': 0.9534336924552917}]","[{'label': 'neutral', 'score': 0.9970291256904602}]"
경질이후,"[{'label': 'neutral', 'score': 0.8468198776245117}]","[{'label': 'neutral', 'score': 0.9731175303459167}]"
경질이후,"[{'label': 'negative', 'score': 0.7020330429077148}]","[{'label': 'negative', 'score': 0.9873598217964172}]"
경질이후,"[{'label': 'neutral', 'score': 0.9173159003257751}]","[{'label': 'negative', 'score': 0.9943050742149353}]"
경질이후,"[{'label': 'neutral', 'score': 0.998376727104187}]","[{'label': 'negative', 'score': 0.5875899791717529}]"
경질이후,"[{'label': 'neutral', 'score': 0.9539625644683838}]","[{'label': 'negative', 'score': 0.5402137637138367}]"
경질이후,"[{'label': 'negative', 'score': 0.6346474885940552}]","[{'label': 'neutral', 'score': 0.7705617547035217}]"
경질이후,"[{'label': 'negative', 'score': 0.9788159132003784}]","[{'label': 'negative', 'score': 0.9955278038978577}]"
경질이후,"[{'label': 'negative', 'score': 0.8465304374694824}]","[{'label': 'negative', 'score': 0.8174925446510315}]"
경질이후,"[{'label': 'neutral', 'score': 0.9911069273948669}]","[{'label': 'neutral', 'score': 0.5779500603675842}]"
경질이후,"[{'label': 'neutral', 'score': 0.8110244274139404}]","[{'label': 'neutral', 'score': 0.9919946193695068}]"
경질이후,"[{'label': 'neutral', 'score': 0.9935972690582275}]","[{'label': 'neutral', 'score': 0.8737570643424988}]"
경질이후,"[{'label': 'negative', 'score': 0.9816509485244751}]","[{'label': 'negative', 'score': 0.970478355884552}]"
경질이후,"[{'label': 'neutral', 'score': 0.6874358654022217}]","[{'label': 'neutral', 'score': 0.5413034558296204}]"
경질이후,"[{'label': 'neutral', 'score': 0.9403377175331116}]","[{'label': 'neutral', 'score': 0.8907702565193176}]"
경질이후,"[{'label': 'negative', 'score': 0.9451625943183899}]","[{'label': 'neutral', 'score': 0.9954193830490112}]"
경질이후,"[{'label': 'neutral', 'score': 0.9105731844902039}]","[{'label': 'negative', 'score': 0.9969688057899475}]"
경질이후,"[{'label': 'neutral', 'score': 0.9697312712669373}]","[{'label': 'negative', 'score': 0.7435401678085327}]"
경질이후,"[{'label': 'neutral', 'score': 0.6979249119758606}]","[{'label': 'negative', 'score': 0.9719794988632202}]"
경질이후,"[{'label': 'neutral', 'score': 0.748892068862915}]","[{'label': 'negative', 'score': 0.7046220302581787}]"
경질이후,"[{'label': 'negative', 'score': 0.961179792881012}]","[{'label': 'neutral', 'score': 0.9672351479530334}]"
경질이후,"[{'label': 'positive', 'score': 0.5818395614624023}]","[{'label': 'neutral', 'score': 0.580451250076294}]"
경질이후,"[{'label': 'negative', 'score': 0.632180392742157}]","[{'label': 'negative', 'score': 0.9519945979118347}]"
경질이후,"[{'label': 'neutral', 'score': 0.9033635854721069}]","[{'label': 'neutral', 'score': 0.9645776748657227}]"
경질이후,"[{'label': 'negative', 'score': 0.9687793254852295}]","[{'label': 'negative', 'score': 0.9358405470848083}]"
경질이후,"[{'label': 'negative', 'score': 0.9744083881378174}]","[{'label': 'negative', 'score': 0.7696312665939331}]"
경질이후,"[{'label': 'negative', 'score': 0.9654665589332581}]","[{'label': 'negative', 'score': 0.6384792327880859}]"
경질이후,"[{'label': 'negative', 'score': 0.9583997130393982}]","[{'label': 'negative', 'score': 0.9616852402687073}]"
경질이후,"[{'label': 'neutral', 'score': 0.9984530210494995}]","[{'label': 'neutral', 'score': 0.9123625755310059}]"
경질이후,"[{'label': 'neutral', 'score': 0.8978516459465027}]","[{'label': 'neutral', 'score': 0.7403082847595215}]"
경질이후,"[{'label': 'negative', 'score': 0.5808776021003723}]","[{'label': 'neutral', 'score': 0.9961813688278198}]"
경질이후,"[{'label': 'neutral', 'score': 0.49532362818717957}]","[{'label': 'neutral', 'score': 0.8982962369918823}]"
경질이후,"[{'label': 'neutral', 'score': 0.8555933833122253}]","[{'label': 'negative', 'score': 0.9153850674629211}]"
경질이후,"[{'label': 'neutral', 'score': 0.909670352935791}]","[{'label': 'negative', 'score': 0.5727075338363647}]"
경질이후,"[{'label': 'negative', 'score': 0.9260713458061218}]","[{'label': 'negative', 'score': 0.7099632620811462}]"
경질이후,"[{'label': 'neutral', 'score': 0.9740927219390869}]","[{'label': 'negative', 'score': 0.7793559432029724}]"
경질이후,"[{'label': 'negative', 'score': 0.8680340647697449}]","[{'label': 'negative', 'score': 0.9804090261459351}]"
경질이후,"[{'label': 'negative', 'score': 0.991224467754364}]","[{'label': 'negative', 'score': 0.9888423681259155}]"
경질이후,"[{'label': 'negative', 'score': 0.8446385264396667}]","[{'label': 'neutral', 'score': 0.9597290754318237}]"
경질이후,"[{'label': 'neutral', 'score': 0.8064918518066406}]","[{'label': 'negative', 'score': 0.7833429574966431}]"
경질이후,"[{'label': 'negative', 'score': 0.997850775718689}]","[{'label': 'negative', 'score': 0.9546494483947754}]"
경질이후,"[{'label': 'neutral', 'score': 0.8679348826408386}]","[{'label': 'neutral', 'score': 0.6689809560775757}]"
경질이후,"[{'label': 'neutral', 'score': 0.9661860466003418}]","[{'label': 'negative', 'score': 0.9960851669311523}]"
경질이후,"[{'label': 'negative', 'score': 0.969832181930542}]","[{'label': 'neutral', 'score': 0.8476213216781616}]"
경질이후,"[{'label': 'neutral', 'score': 0.9985529780387878}]","[{'label': 'negative', 'score': 0.990620493888855}]"
경질이후,"[{'label': 'negative', 'score': 0.9965404868125916}]","[{'label': 'negative', 'score': 0.9145587086677551}]"
경질이후,"[{'label': 'neutral', 'score': 0.9671311974525452}]","[{'label': 'negative', 'score': 0.7420396208763123}]"
경질이후,"[{'label': 'neutral', 'score': 0.5598364472389221}]","[{'label': 'negative', 'score': 0.9979971051216125}]"
경질이후,"[{'label': 'negative', 'score': 0.8534443974494934}]","[{'label': 'negative', 'score': 0.9962970614433289}]"
경질이후,"[{'label': 'negative', 'score': 0.5180147290229797}]","[{'label': 'negative', 'score': 0.9956048727035522}]"
경질이후,"[{'label': 'negative', 'score': 0.9300200939178467}]","[{'label': 'negative', 'score': 0.977466881275177}]"
경질이후,"[{'label': 'negative', 'score': 0.6439087390899658}]","[{'label': 'negative', 'score': 0.9979457259178162}]"
경질이후,"[{'label': 'negative', 'score': 0.8609836101531982}]","[{'label': 'negative', 'score': 0.9686152338981628}]"
경질이후,"[{'label': 'negative', 'score': 0.9937489032745361}]","[{'label': 'negative', 'score': 0.9993830919265747}]"
경질이후,"[{'label': 'neutral', 'score': 0.9404934644699097}]","[{'label': 'negative', 'score': 0.9974541068077087}]"
경질이후,"[{'label': 'negative', 'score': 0.988318145275116}]","[{'label': 'negative', 'score': 0.9954056739807129}]"
경질이후,"[{'label': 'negative', 'score': 0.9951469302177429}]","[{'label': 'neutral', 'score': 0.9908291101455688}]"
경질이후,"[{'label': 'neutral', 'score': 0.9774207472801208}]","[{'label': 'neutral', 'score': 0.992577850818634}]"
경질이후,"[{'label': 'negative', 'score': 0.8860905766487122}]","[{'label': 'negative', 'score': 0.9786280989646912}]"
경질이후,"[{'label': 'negative', 'score': 0.9746919274330139}]","[{'label': 'neutral', 'score': 0.9949790835380554}]"
경질이후,"[{'label': 'negative', 'score': 0.963371217250824}]","[{'label': 'neutral', 'score': 0.9812752604484558}]"
경질이후,"[{'label': 'neutral', 'score': 0.9813744425773621}]","[{'label': 'negative', 'score': 0.7212740182876587}]"
경질이후,"[{'label': 'neutral', 'score': 0.9947826266288757}]","[{'label': 'negative', 'score': 0.9978320002555847}]"
경질이후,"[{'label': 'negative', 'score': 0.5995168685913086}]","[{'label': 'negative', 'score': 0.9846599102020264}]"
경질이후,"[{'label': 'negative', 'score': 0.596645176410675}]","[{'label': 'negative', 'score': 0.9837319850921631}]"
경질이후,"[{'label': 'negative', 'score': 0.661918044090271}]","[{'label': 'negative', 'score': 0.5528528094291687}]"
경질이후,"[{'label': 'neutral', 'score': 0.9116818308830261}]","[{'label': 'negative', 'score': 0.9936311841011047}]"
경질이후,"[{'label': 'neutral', 'score': 0.7257164716720581}]","[{'label': 'negative', 'score': 0.9905341863632202}]"
경질이후,"[{'label': 'neutral', 'score': 0.9204023480415344}]","[{'label': 'negative', 'score': 0.8985623717308044}]"
경질이후,"[{'label': 'neutral', 'score': 0.6707066297531128}]","[{'label': 'negative', 'score': 0.998347282409668}]"
경질이후,"[{'label': 'negative', 'score': 0.993588924407959}]","[{'label': 'neutral', 'score': 0.9903869032859802}]"
경질이후,"[{'label': 'neutral', 'score': 0.9057415723800659}]","[{'label': 'negative', 'score': 0.8847864270210266}]"
경질이후,"[{'label': 'neutral', 'score': 0.5519671440124512}]","[{'label': 'negative', 'score': 0.9215278625488281}]"
경질이후,"[{'label': 'negative', 'score': 0.9794296026229858}]","[{'label': 'neutral', 'score': 0.9948976635932922}]"
경질이후,"[{'label': 'neutral', 'score': 0.894808828830719}]","[{'label': 'neutral', 'score': 0.7691048383712769}]"
